<!DOCTYPE log4j:configuration SYSTEM "log4j.dtd">
<log4j:configuration xmlns:log4j='http://jakarta.apache.org/log4j/'>

	<appender name="console" class="org.apache.log4j.ConsoleAppender">
	    <layout class="org.apache.log4j.PatternLayout">
		<param name="ConversionPattern"
			value="%d{yyyy-MM-dd HH:mm:ss} %-5p %c{1}:%L - %m%n" />
	    </layout>
	</appender>

	<appender name="exceptionfile" class="org.apache.log4j.RollingFileAppender">
	    <param name="append" value="true" />
	    <param name="maxFileSize" value="10MB" />
	    <param name="maxBackupIndex" value="10" />
	    <param name="file" value="logs/exception.log" />
	    <layout class="org.apache.log4j.PatternLayout">
		<param name="ConversionPattern" value="%d{yyyy-MM-dd HH:mm:ss} %-5p %c{1}:%L - %m%n" />
	    </layout>
	</appender>
	
	 <root>
		<level value="INFO" />
		<appender-ref ref="console" />
		<appender-ref ref="exceptionfile" />
	</root>  
	

</log4j:configuration>